{"0":2.6816514039404984E-7,"1":2.6816514039404984E-7,"2":8.778236191896881E-12,"3":4.0399837019525415E-9,"4":1.538513576065447E-7,"5":1.0866698285169947E-7,"6":6.3841717759250045E-12,"8":2.3940644159718767E-12}