{"APPLE":6.444697151526147E-6,"Type30":1.361161252308846E-6,"Type35":1.2622508762079526E-6,"Type36":1.24611576178462E-6,"Type37":1.235729797349462E-6,"Type38":1.2150453555441828E-6,"Type31":1.3388395525721522E-6,"Type32":1.3157554655544179E-6,"Type33":1.3016200554747981E-6,"Type34":1.2841226424673111E-6,"TENCENT":3.337968981286117E-6,"Type28":1.4043298698287458E-6,"Type29":1.3805333881385637E-6,"GOOGLE":8.199587690959891E-6,"META":4.730363115813327E-6,"Type24":1.4996532762631045E-6,"Type25":1.4720448581677199E-6,"Type26":1.445086343984042E-6,"Type27":1.4274514513029249E-6,"Type20":1.6205728982969868E-6,"SUN":3.5721843525434765E-6,"Type21":1.5789040590348718E-6,"Type22":1.5541202233249814E-6,"Type23":1.5316610439146572E-6,"Type17":1.7305191427447452E-6,"Type18":1.6847259132737225E-6,"Type19":1.653405543990321E-6,"BAIDU":3.8768643056124155E-6,"Type2":2.7908998654548923E-6,"Type3":2.662893791152978E-6,"Type50":1.1850372922363428E-6,"Type4":2.5545848046366346E-6,"Type5":2.447800592682372E-6,"Type6":2.3534645402677214E-6,"Type7":2.272726477390318E-6,"Type8":2.2012870397111787E-6,"Type9":2.1326721844175337E-6,"Type13":1.8983568279429885E-6,"Type14":1.8449147293572646E-6,"Type15":1.7995464370592807E-6,"Type16":1.7674261860383942E-6,"Type10":2.0610577726083198E-6,"Type11":1.9951675144829838E-6,"Type1":2.950713736973988E-6,"Type12":1.94722460284247E-6,"IBM":1.2438310995719283E-5,"JINGDONG":3.11745158478319E-6,"Type39":1.2055217636072506E-6,"XIAOMI":4.2415478871448855E-6,"ALI":5.407600486268105E-6}