{"B":0.0024001222753459593,"S":0.002403096563650658}